Sequence,ExpectedTotal_ms,Network_ms,JitterSize_pkts,Jitter_ms,Total_ms
1,13,1.076,0,0,13.076
2,13,0.159,1,4,16.159
3,13,0.151,2,8,20.151
4,13,0.109,3,12,24.109
5,13,0.143,0,0,12.143
6,13,0.17,0,0,12.17
7,13,0.151,0,0,12.151
8,13,0.153,0,0,12.153
9,13,0.13,0,0,12.13
10,13,0.162,0,0,12.162
11,13,0.149,0,0,12.149
12,13,0.144,0,0,12.144
13,13,0.15,0,0,12.15
14,13,0.124,0,0,12.124
15,13,0.125,0,0,12.125
16,13,0.13,0,0,12.13
17,13,0.158,0,0,12.158
18,13,0.328,0,0,12.328
19,13,0.234,0,0,12.234
20,13,0.155,0,0,12.155
21,13,0.171,0,0,12.171
22,13,0.543,0,0,12.543
23,13,0.194,0,0,12.194
24,13,0.127,0,0,12.127
25,13,0.121,0,0,12.121
26,13,0.124,0,0,12.124
27,13,0.137,0,0,12.137
28,13,0.167,0,0,12.167
29,13,0.143,0,0,12.143
30,13,0.125,0,0,12.125
31,13,0.094,0,0,12.094
32,13,0.159,0,0,12.159
33,13,0.055,0,0,12.055
34,13,0.135,0,0,12.135
35,13,0.11,0,0,12.11
36,13,0.144,0,0,12.144
37,13,0.199,0,0,12.199
38,13,0.349,0,0,12.349
39,13,0.121,0,0,12.121
40,13,0.169,0,0,12.169
41,13,0.139,0,0,12.139
42,13,0.056,0,0,12.056
43,13,0.245,0,0,12.245
44,13,0.138,0,0,12.138
45,13,0.152,0,0,12.152
46,13,0.141,0,0,12.141
47,13,0.122,0,0,12.122
48,13,0.223,0,0,12.223
49,13,0.127,0,0,12.127
50,13,0.146,0,0,12.146
51,13,0.217,0,0,12.217
52,13,0.466,0,0,12.466
53,13,0.277,0,0,12.277
54,13,0.225,0,0,12.225
55,13,0.698,0,0,12.698
56,13,0.165,0,0,12.165
57,13,0.132,0,0,12.132
58,13,0.13,0,0,12.13
59,13,0.193,0,0,12.193
60,13,0.147,0,0,12.147
61,13,0.161,0,0,12.161
62,13,0.385,0,0,12.385
63,13,0.217,0,0,12.217
64,13,0.144,0,0,12.144
65,13,0.118,0,0,12.118
66,13,0.117,0,0,12.117
67,13,0.068,0,0,12.068
68,13,0.137,0,0,12.137
69,13,0.427,0,0,12.427
70,13,0.35,0,0,12.35
71,13,0.143,0,0,12.143
72,13,0.173,0,0,12.173
73,13,0.493,0,0,12.493
74,13,0.134,0,0,12.134
75,13,0.143,0,0,12.143
76,13,0.112,0,0,12.112
77,13,0.144,0,0,12.144
78,13,0.117,0,0,12.117
79,13,0.077,0,0,12.077
80,13,0.052,0,0,12.052
81,13,0.107,0,0,12.107
82,13,0.181,0,0,12.181
83,13,0.294,0,0,12.294
84,13,0.164,0,0,12.164
85,13,0.092,0,0,12.092
86,13,0.113,0,0,12.113
87,13,0.126,0,0,12.126
88,13,0.061,0,0,12.061
89,13,0.045,0,0,12.045
90,13,0.141,0,0,12.141
91,13,0.097,0,0,12.097
92,13,0.095,0,0,12.095
93,13,0.091,0,0,12.091
94,13,0.112,0,0,12.112
95,13,0.091,0,0,12.091
96,13,0.091,0,0,12.091
97,13,0.042,0,0,12.042
98,13,0.094,0,0,12.094
99,13,0.099,0,0,12.099
100,13,0.103,0,0,12.103
101,13,0.136,0,0,12.136
102,13,0.085,0,0,12.085
103,13,0.171,0,0,12.171
104,13,0.125,0,0,12.125
105,13,0.167,0,0,12.167
106,13,0.065,1,4,16.065
107,13,0.145,0,0,12.145
108,13,0.136,0,0,12.136
109,13,0.182,0,0,12.182
110,13,0.159,0,0,12.159
111,13,0.29,0,0,12.29
112,13,0.322,0,0,12.322
113,13,0.218,0,0,12.218
114,13,0.112,0,0,12.112
115,13,0.1,0,0,12.1
116,13,0.115,0,0,12.115
117,13,0.258,0,0,12.258
118,13,0.167,0,0,12.167
119,13,0.267,0,0,12.267
120,13,0.316,0,0,12.316
121,13,0.299,0,0,12.299
122,13,0.076,1,4,16.076
123,13,0.199,0,0,12.199
124,13,0.134,0,0,12.134
125,13,0.158,0,0,12.158
126,13,0.062,1,4,16.062
127,13,0.153,0,0,12.153
128,13,0.177,0,0,12.177
129,13,0.192,0,0,12.192
130,13,0.175,0,0,12.175
131,13,1.151,0,0,13.151
132,13,0.191,0,0,12.191
133,13,0.203,0,0,12.203
134,13,0.129,0,0,12.129
135,13,0.11,0,0,12.11
136,13,0.107,0,0,12.107
137,13,0.194,0,0,12.194
138,13,0.162,0,0,12.162
139,13,0.214,0,0,12.214
140,13,0.152,0,0,12.152
141,13,0.134,0,0,12.134
142,13,0.157,0,0,12.157
143,13,0.126,0,0,12.126
144,13,0.121,0,0,12.121
145,13,0.151,0,0,12.151
146,13,0.263,0,0,12.263
147,13,0.348,0,0,12.348
148,13,0.301,0,0,12.301
149,13,0.153,0,0,12.153
150,13,0.186,0,0,12.186
151,13,0.136,0,0,12.136
152,13,0.146,0,0,12.146
153,13,0.128,0,0,12.128
154,13,0.172,0,0,12.172
155,13,0.149,0,0,12.149
156,13,0.133,0,0,12.133
157,13,0.141,0,0,12.141
158,13,0.138,0,0,12.138
159,13,0.143,0,0,12.143
160,13,0.149,0,0,12.149
161,13,0.157,0,0,12.157
162,13,0.121,0,0,12.121
163,13,0.16,0,0,12.16
164,13,0.132,0,0,12.132
165,13,0.131,0,0,12.131
166,13,0.063,1,4,16.063
167,13,0.14,0,0,12.14
168,13,0.303,0,0,12.303
169,13,0.116,0,0,12.116
170,13,0.058,0,0,12.058
171,13,0.208,0,0,12.208
172,13,0.146,0,0,12.146
173,13,0.298,0,0,12.298
174,13,0.16,0,0,12.16
175,13,0.161,0,0,12.161
176,13,0.19,0,0,12.19
177,13,0.166,0,0,12.166
178,13,0.144,0,0,12.144
179,13,0.165,0,0,12.165
180,13,0.126,0,0,12.126
181,13,0.151,0,0,12.151
182,13,0.173,0,0,12.173
183,13,0.176,0,0,12.176
184,13,0.145,0,0,12.145
185,13,0.12,0,0,12.12
186,13,0.146,0,0,12.146
187,13,0.146,0,0,12.146
188,13,0.152,0,0,12.152
189,13,0.138,0,0,12.138
190,13,0.143,0,0,12.143
191,13,0.147,0,0,12.147
192,13,0.136,0,0,12.136
193,13,0.121,0,0,12.121
194,13,0.133,0,0,12.133
195,13,0.088,0,0,12.088
196,13,0.123,0,0,12.123
197,13,0.141,0,0,12.141
198,13,0.147,0,0,12.147
199,13,0.16,0,0,12.16
200,13,0.12,0,0,12.12
201,13,5.662,1,4,21.662
202,13,0.455,2,8,20.455
203,13,0.144,0,0,12.144
204,13,0.138,0,0,12.138
205,13,0.158,0,0,12.158
206,13,0.16,0,0,12.16
207,13,0.172,0,0,12.172
208,13,0.123,0,0,12.123
209,13,0.163,0,0,12.163
210,13,0.147,0,0,12.147
211,13,0.148,0,0,12.148
212,13,0.125,0,0,12.125
213,13,0.137,0,0,12.137
214,13,0.136,0,0,12.136
215,13,0.141,0,0,12.141
216,13,0.143,0,0,12.143
217,13,0.139,0,0,12.139
218,13,0.145,0,0,12.145
219,13,0.135,0,0,12.135
220,13,0.166,0,0,12.166
221,13,0.595,0,0,12.595
222,13,0.216,0,0,12.216
223,13,0.188,0,0,12.188
224,13,0.196,0,0,12.196
225,13,0.166,0,0,12.166
226,13,0.161,0,0,12.161
227,13,0.146,0,0,12.146
228,13,0.162,0,0,12.162
229,13,0.197,0,0,12.197
230,13,0.193,0,0,12.193
231,13,0.155,0,0,12.155
232,13,0.13,0,0,12.13
233,13,0.133,0,0,12.133
234,13,0.212,0,0,12.212
235,13,0.156,0,0,12.156
236,13,0.142,0,0,12.142
237,13,0.15,0,0,12.15
238,13,0.23,0,0,12.23
239,13,0.169,0,0,12.169
240,13,0.128,0,0,12.128
241,13,0.254,0,0,12.254
242,13,0.269,0,0,12.269
243,13,0.164,0,0,12.164
244,13,0.157,0,0,12.157
245,13,0.153,0,0,12.153
246,13,0.161,0,0,12.161
247,13,0.147,0,0,12.147
248,13,0.21,0,0,12.21
249,13,0.111,0,0,12.111
250,13,0.109,0,0,12.109
251,13,0.112,0,0,12.112
252,13,0.149,0,0,12.149
253,13,0.095,0,0,12.095
254,13,0.121,0,0,12.121
255,13,0.078,0,0,12.078
256,13,0.105,0,0,12.105
257,13,0.256,0,0,12.256
258,13,0.183,0,0,12.183
259,13,0.11,0,0,12.11
260,13,0.114,0,0,12.114
261,13,0.136,0,0,12.136
262,13,0.144,0,0,12.144
263,13,0.115,0,0,12.115
264,13,0.049,0,0,12.049
265,13,0.102,0,0,12.102
266,13,0.121,0,0,12.121
267,13,0.136,0,0,12.136
268,13,0.13,0,0,12.13
269,13,0.133,0,0,12.133
270,13,0.118,0,0,12.118
271,13,0.169,0,0,12.169
272,13,0.155,0,0,12.155
273,13,0.176,0,0,12.176
274,13,0.155,0,0,12.155
275,13,0.125,0,0,12.125
276,13,0.164,0,0,12.164
277,13,0.487,0,0,12.487
278,13,0.151,0,0,12.151
279,13,0.132,0,0,12.132
280,13,0.14,0,0,12.14
281,13,0.171,0,0,12.171
282,13,0.208,0,0,12.208
283,13,0.856,0,0,12.856
284,13,0.239,0,0,12.239
285,13,0.432,0,0,12.432
286,13,0.185,0,0,12.185
287,13,0.1,0,0,12.1
288,13,0.19,0,0,12.19
289,13,0.155,0,0,12.155
290,13,0.088,0,0,12.088
291,13,0.085,0,0,12.085
292,13,0.048,0,0,12.048
293,13,0.163,0,0,12.163
294,13,0.177,0,0,12.177
295,13,0.303,0,0,12.303
296,13,0.096,0,0,12.096
297,13,0.14,0,0,12.14
298,13,0.164,0,0,12.164
299,13,0.098,0,0,12.098
300,13,0.067,0,0,12.067
301,13,0.092,0,0,12.092
302,13,0.209,0,0,12.209
303,13,0.166,0,0,12.166
304,13,0.15,0,0,12.15
305,13,0.168,0,0,12.168
306,13,0.112,0,0,12.112
307,13,0.332,0,0,12.332
308,13,0.38,0,0,12.38
309,13,0.119,0,0,12.119
310,13,0.136,0,0,12.136
311,13,0.111,0,0,12.111
312,13,0.153,0,0,12.153
313,13,0.14,0,0,12.14
314,13,0.349,0,0,12.349
315,13,0.162,0,0,12.162
316,13,0.124,0,0,12.124
317,13,0.12,0,0,12.12
318,13,0.122,0,0,12.122
319,13,0.051,0,0,12.051
320,13,0.218,0,0,12.218
321,13,0.169,0,0,12.169
322,13,0.216,0,0,12.216
323,13,0.128,0,0,12.128
324,13,0.165,0,0,12.165
325,13,0.157,0,0,12.157
326,13,0.066,1,4,16.066
327,13,0.182,0,0,12.182
328,13,0.141,0,0,12.141
329,13,0.15,0,0,12.15
330,13,0.085,0,0,12.085
331,13,0.125,0,0,12.125
332,13,0.106,0,0,12.106
333,13,0.077,0,0,12.077
334,13,0.086,0,0,12.086
335,13,0.078,0,0,12.078
336,13,0.047,0,0,12.047
337,13,0.085,0,0,12.085
338,13,0.055,0,0,12.055
339,13,0.091,0,0,12.091
340,13,0.104,0,0,12.104
341,13,0.101,0,0,12.101
342,13,0.04,1,4,16.04
343,13,0.071,0,0,12.071
344,13,0.08,0,0,12.08
345,13,0.162,0,0,12.162
346,13,0.071,1,4,16.071
347,13,0.074,0,0,12.074
348,13,0.078,0,0,12.078
349,13,0.064,0,0,12.064
350,13,0.095,0,0,12.095
351,13,0.108,0,0,12.108
352,13,0.124,0,0,12.124
353,13,0.14,0,0,12.14
354,13,0.078,0,0,12.078
355,13,0.136,0,0,12.136
356,13,0.116,0,0,12.116
357,13,0.173,0,0,12.173
358,13,0.143,0,0,12.143
359,13,0.186,0,0,12.186
360,13,0.255,0,0,12.255
361,13,0.188,0,0,12.188
362,13,0.068,1,4,16.068
363,13,0.175,0,0,12.175
364,13,0.294,0,0,12.294
365,13,0.596,0,0,12.596
366,13,0.081,1,4,16.081
367,13,0.291,0,0,12.291
368,13,0.134,0,0,12.134
369,13,0.134,0,0,12.134
370,13,0.1,0,0,12.1
371,13,0.29,0,0,12.29
372,13,0.1,0,0,12.1
373,13,0.236,0,0,12.236
374,13,0.083,0,0,12.083
375,13,0.123,0,0,12.123
376,13,0.344,0,0,12.344
377,13,0.339,0,0,12.339
378,13,0.133,0,0,12.133
379,13,0.219,0,0,12.219
380,13,0.15,0,0,12.15
381,13,0.108,0,0,12.108
382,13,0.058,0,0,12.058
383,13,0.126,0,0,12.126
384,13,0.053,0,0,12.053
385,13,0.156,0,0,12.156
386,13,0.056,1,4,16.056
387,13,0.095,0,0,12.095
388,13,0.069,0,0,12.069
389,13,0.118,0,0,12.118
390,13,0.086,0,0,12.086
391,13,0.091,0,0,12.091
392,13,0.092,0,0,12.092
393,13,0.14,0,0,12.14
394,13,0.051,0,0,12.051
395,13,0.049,0,0,12.049
396,13,0.069,0,0,12.069
397,13,0.137,0,0,12.137
398,13,0.104,0,0,12.104
399,13,0.083,0,0,12.083
400,13,0.113,0,0,12.113
401,13,0.152,0,0,12.152
402,13,0.072,1,4,16.072
403,13,0.136,0,0,12.136
404,13,0.146,0,0,12.146
405,13,0.315,0,0,12.315
406,13,0.091,0,0,12.091
407,13,0.216,0,0,12.216
408,13,0.146,0,0,12.146
409,13,0.244,0,0,12.244
410,13,0.248,0,0,12.248
411,13,0.918,0,0,12.918
412,13,0.234,0,0,12.234
413,13,0.206,0,0,12.206
414,13,0.399,0,0,12.399
415,13,0.519,0,0,12.519
416,13,0.166,0,0,12.166
417,13,0.191,0,0,12.191
418,13,0.284,0,0,12.284
419,13,0.177,0,0,12.177
420,13,0.373,0,0,12.373
421,13,0.346,0,0,12.346
422,13,0.486,0,0,12.486
423,13,0.19,0,0,12.19
424,13,0.12,0,0,12.12
425,13,0.264,0,0,12.264
426,13,0.12,0,0,12.12
427,13,0.106,0,0,12.106
428,13,0.156,0,0,12.156
429,13,0.079,0,0,12.079
430,13,0.225,0,0,12.225
431,13,0.283,0,0,12.283
432,13,0.204,0,0,12.204
433,13,0.172,0,0,12.172
434,13,0.082,0,0,12.082
435,13,0.151,0,0,12.151
436,13,0.156,0,0,12.156
437,13,0.172,0,0,12.172
438,13,0.259,0,0,12.259
439,13,0.114,0,0,12.114
440,13,0.155,0,0,12.155
441,13,0.323,0,0,12.323
442,13,0.111,0,0,12.111
443,13,0.137,0,0,12.137
444,13,0.069,0,0,12.069
445,13,0.139,0,0,12.139
446,13,0.109,0,0,12.109
447,13,0.12,0,0,12.12
448,13,0.06,0,0,12.06
449,13,0.139,0,0,12.139
450,13,0.259,0,0,12.259
451,13,5.56,1,4,21.56
452,13,0.653,2,8,20.653
453,13,0.172,0,0,12.172
454,13,0.159,0,0,12.159
455,13,0.112,0,0,12.112
456,13,0.143,0,0,12.143
457,13,0.196,0,0,12.196
458,13,0.134,0,0,12.134
459,13,0.169,0,0,12.169
460,13,0.207,0,0,12.207
461,13,0.296,0,0,12.296
462,13,0.306,0,0,12.306
463,13,0.218,0,0,12.218
464,13,0.153,0,0,12.153
465,13,0.136,0,0,12.136
466,13,0.12,0,0,12.12
467,13,0.095,0,0,12.095
468,13,0.134,0,0,12.134
469,13,0.138,0,0,12.138
470,13,0.101,0,0,12.101
471,13,0.076,0,0,12.076
472,13,0.117,0,0,12.117
473,13,0.119,0,0,12.119
474,13,0.262,0,0,12.262
475,13,0.123,0,0,12.123
476,13,0.104,0,0,12.104
477,13,0.079,0,0,12.079
478,13,0.115,0,0,12.115
479,13,0.042,0,0,12.042
480,13,0.112,0,0,12.112
481,13,0.065,0,0,12.065
482,13,0.043,0,0,12.043
483,13,0.104,0,0,12.104
484,13,0.065,0,0,12.065
485,13,0.044,0,0,12.044
486,13,0.107,0,0,12.107
487,13,0.046,0,0,12.046
488,13,0.068,0,0,12.068
489,13,0.084,0,0,12.084
490,13,0.035,0,0,12.035
491,13,0.066,0,0,12.066
492,13,0.095,0,0,12.095
493,13,0.051,0,0,12.051
494,13,0.074,0,0,12.074
495,13,0.076,0,0,12.076
496,13,0.047,0,0,12.047
497,13,0.083,0,0,12.083
498,13,0.068,0,0,12.068
499,13,0.073,0,0,12.073
500,13,0.085,0,0,12.085
501,13,0.131,0,0,12.131
502,13,0.047,0,0,12.047
503,13,0.091,0,0,12.091
504,13,0.062,0,0,12.062
505,13,0.079,0,0,12.079
506,13,0.134,0,0,12.134
507,13,0.161,0,0,12.161
508,13,0.205,0,0,12.205
509,13,0.108,0,0,12.108
510,13,0.345,0,0,12.345
511,13,0.251,0,0,12.251
512,13,0.356,0,0,12.356
513,13,0.378,0,0,12.378
514,13,0.189,0,0,12.189
515,13,0.147,0,0,12.147
516,13,0.29,0,0,12.29
517,13,0.298,0,0,12.298
518,13,0.16,0,0,12.16
519,13,0.144,0,0,12.144
520,13,0.107,0,0,12.107
521,13,0.089,0,0,12.089
522,13,0.111,0,0,12.111
523,13,0.143,0,0,12.143
524,13,0.382,0,0,12.382
525,13,0.314,0,0,12.314
526,13,0.187,0,0,12.187
527,13,0.122,0,0,12.122
528,13,0.096,0,0,12.096
529,13,0.042,0,0,12.042
530,13,0.078,0,0,12.078
531,13,0.108,0,0,12.108
532,13,0.051,0,0,12.051
533,13,0.104,0,0,12.104
534,13,0.086,0,0,12.086
535,13,0.092,0,0,12.092
536,13,0.163,0,0,12.163
537,13,0.062,0,0,12.062
538,13,0.047,0,0,12.047
539,13,0.079,0,0,12.079
540,13,0.084,0,0,12.084
541,13,0.058,0,0,12.058
542,13,0.07,0,0,12.07
543,13,0.113,0,0,12.113
544,13,0.079,0,0,12.079
545,13,0.044,0,0,12.044
546,13,0.061,0,0,12.061
547,13,0.097,0,0,12.097
548,13,0.122,0,0,12.122
549,13,0.122,0,0,12.122
550,13,0.109,0,0,12.109
551,13,0.109,0,0,12.109
552,13,0.147,0,0,12.147
553,13,0.148,0,0,12.148
554,13,0.163,0,0,12.163
555,13,0.144,0,0,12.144
556,13,0.151,0,0,12.151
557,13,0.143,0,0,12.143
558,13,0.36,0,0,12.36
559,13,0.322,0,0,12.322
560,13,0.287,0,0,12.287
561,13,0.2,0,0,12.2
562,13,0.148,0,0,12.148
563,13,0.241,0,0,12.241
564,13,0.149,0,0,12.149
565,13,0.263,0,0,12.263
566,13,0.285,0,0,12.285
567,13,0.18,0,0,12.18
568,13,0.285,0,0,12.285
569,13,0.173,0,0,12.173
570,13,0.152,0,0,12.152
571,13,0.198,0,0,12.198
572,13,0.088,0,0,12.088
573,13,0.084,0,0,12.084
574,13,0.117,0,0,12.117
575,13,0.091,0,0,12.091
576,13,0.051,0,0,12.051
577,13,0.218,0,0,12.218
578,13,0.095,0,0,12.095
579,13,0.104,0,0,12.104
580,13,0.105,0,0,12.105
581,13,0.066,0,0,12.066
582,13,0.061,0,0,12.061
583,13,0.141,0,0,12.141
584,13,0.088,0,0,12.088
585,13,0.109,0,0,12.109
586,13,0.064,0,0,12.064
587,13,0.061,0,0,12.061
588,13,0.095,0,0,12.095
589,13,0.06,0,0,12.06
590,13,0.049,0,0,12.049
591,13,0.104,0,0,12.104
592,13,0.081,0,0,12.081
593,13,0.088,0,0,12.088
594,13,0.069,0,0,12.069
595,13,0.103,0,0,12.103
596,13,0.1,0,0,12.1
597,13,0.061,0,0,12.061
598,13,0.064,0,0,12.064
599,13,0.094,0,0,12.094
600,13,0.048,0,0,12.048
601,13,0.155,0,0,12.155
602,13,0.086,0,0,12.086
603,13,0.104,0,0,12.104
604,13,0.12,0,0,12.12
605,13,0.129,0,0,12.129
606,13,0.062,1,4,16.062
607,13,0.147,0,0,12.147
608,13,0.198,0,0,12.198
609,13,0.066,1,4,16.066
610,13,0.166,0,0,12.166
611,13,0.171,0,0,12.171
612,13,0.163,0,0,12.163
613,13,0.218,0,0,12.218
614,13,0.061,0,0,12.061
615,13,0.135,0,0,12.135
616,13,0.126,0,0,12.126
617,13,0.36,0,0,12.36
618,13,0.389,0,0,12.389
619,13,1.678,0,0,13.678
620,13,0.301,0,0,12.301
621,13,0.272,0,0,12.272
622,13,0.28,0,0,12.28
623,13,0.172,0,0,12.172
624,13,0.086,0,0,12.086
625,13,0.242,0,0,12.242
626,13,0.084,1,4,16.084
627,13,0.072,0,0,12.072
628,13,0.063,0,0,12.063
629,13,0.072,0,0,12.072
630,13,0.11,0,0,12.11
631,13,0.057,0,0,12.057
632,13,0.074,0,0,12.074
633,13,0.087,0,0,12.087
634,13,0.051,0,0,12.051
635,13,0.085,0,0,12.085
636,13,0.063,0,0,12.063
637,13,0.086,0,0,12.086
638,13,0.032,0,0,12.032
639,13,0.058,0,0,12.058
640,13,0.092,0,0,12.092
641,13,0.154,0,0,12.154
642,13,0.056,1,4,16.056
643,13,0.044,0,0,12.044
644,13,0.035,0,0,12.035
645,13,0.11,0,0,12.11
646,13,0.048,1,4,16.048
647,13,0.051,0,0,12.051
648,13,0.045,0,0,12.045
649,13,0.09,0,0,12.09
650,13,0.079,0,0,12.079
651,13,0.08,0,0,12.08
652,13,0.095,0,0,12.095
653,13,0.074,0,0,12.074
654,13,0.038,1,4,16.038
655,13,0.148,0,0,12.148
656,13,0.157,0,0,12.157
657,13,0.15,0,0,12.15
658,13,0.064,0,0,12.064
659,13,0.122,0,0,12.122
660,13,0.195,0,0,12.195
661,13,0.211,0,0,12.211
662,13,0.078,0,0,12.078
663,13,0.383,0,0,12.383
664,13,0.167,0,0,12.167
665,13,0.206,0,0,12.206
666,13,0.103,1,4,16.103
667,13,0.139,0,0,12.139
668,13,0.518,0,0,12.518
669,13,0.089,0,0,12.089
670,13,0.287,0,0,12.287
671,13,0.462,0,0,12.462
672,13,0.395,0,0,12.395
673,13,0.298,0,0,12.298
674,13,0.082,0,0,12.082
675,13,0.09,0,0,12.09
676,13,0.215,0,0,12.215
677,13,0.06,0,0,12.06
678,13,0.046,0,0,12.046
679,13,0.093,0,0,12.093
680,13,0.112,0,0,12.112
681,13,0.104,0,0,12.104
682,13,0.085,0,0,12.085
683,13,0.038,0,0,12.038
684,13,0.101,0,0,12.101
685,13,0.123,0,0,12.123
686,13,0.046,1,4,16.046
687,13,0.042,0,0,12.042
688,13,0.102,0,0,12.102
689,13,0.106,0,0,12.106
690,13,0.042,0,0,12.042
691,13,0.037,0,0,12.037
692,13,0.109,0,0,12.109
693,13,0.113,0,0,12.113
694,13,0.039,0,0,12.039
695,13,0.061,0,0,12.061
696,13,0.045,0,0,12.045
697,13,0.673,0,0,12.673
698,13,0.092,0,0,12.092
699,13,0.044,0,0,12.044
700,13,0.089,0,0,12.089
701,13,0.163,0,0,12.163
702,13,0.085,0,0,12.085
703,13,0.111,0,0,12.111
704,13,0.248,0,0,12.248
705,13,9.382,0,0,21.382
706,13,0.061,0,0,12.061
707,13,0.177,0,0,12.177
708,13,0.348,0,0,12.348
709,13,0.143,0,0,12.143
710,13,0.145,0,0,12.145
711,13,0.148,0,0,12.148
712,13,0.07,0,0,12.07
713,13,0.14,0,0,12.14
714,13,0.175,0,0,12.175
715,13,0.134,0,0,12.134
716,13,0.139,0,0,12.139
717,13,0.229,0,0,12.229
718,13,0.172,0,0,12.172
719,13,0.169,0,0,12.169
720,13,0.145,0,0,12.145
721,13,0.152,0,0,12.152
722,13,0.144,0,0,12.144
723,13,0.137,0,0,12.137
724,13,0.079,0,0,12.079
725,13,0.129,0,0,12.129
726,13,0.123,0,0,12.123
727,13,0.1,0,0,12.1
728,13,0.112,0,0,12.112
729,13,0.108,0,0,12.108
730,13,0.108,0,0,12.108
731,13,0.162,0,0,12.162
732,13,0.338,0,0,12.338
733,13,0.092,0,0,12.092
734,13,0.148,0,0,12.148
735,13,0.152,0,0,12.152
736,13,0.129,0,0,12.129
737,13,0.135,0,0,12.135
738,13,0.1,0,0,12.1
739,13,0.097,0,0,12.097
740,13,0.162,0,0,12.162
741,13,0.119,0,0,12.119
742,13,0.145,0,0,12.145
743,13,0.04,0,0,12.04
744,13,0.047,0,0,12.047
745,13,0.12,0,0,12.12
746,13,0.116,0,0,12.116
747,13,0.073,0,0,12.073
748,13,0.099,0,0,12.099
749,13,0.216,0,0,12.216
750,13,0.116,0,0,12.116
751,13,0.15,0,0,12.15
752,13,0.054,0,0,12.054
753,13,0.129,0,0,12.129
754,13,0.064,0,0,12.064
755,13,0.186,0,0,12.186
756,13,0.192,0,0,12.192
757,13,0.155,0,0,12.155
758,13,0.16,0,0,12.16
759,13,0.147,0,0,12.147
760,13,0.144,0,0,12.144
761,13,0.277,0,0,12.277
762,13,0.169,0,0,12.169
763,13,0.345,0,0,12.345
764,13,0.243,0,0,12.243
765,13,0.252,0,0,12.252
766,13,0.378,0,0,12.378
767,13,0.409,0,0,12.409
768,13,0.284,0,0,12.284
769,13,0.116,0,0,12.116
770,13,0.145,0,0,12.145
771,13,0.1,0,0,12.1
772,13,1.326,0,0,13.326
773,13,0.173,0,0,12.173
774,13,0.125,0,0,12.125
775,13,0.509,0,0,12.509
776,13,0.155,0,0,12.155
777,13,0.297,0,0,12.297
778,13,0.391,0,0,12.391
779,13,0.188,0,0,12.188
780,13,0.111,0,0,12.111
781,13,0.119,0,0,12.119
782,13,0.121,0,0,12.121
783,13,0.208,0,0,12.208
784,13,0.168,0,0,12.168
785,13,0.058,0,0,12.058
786,13,0.161,0,0,12.161
787,13,0.184,0,0,12.184
788,13,0.134,0,0,12.134
789,13,0.049,1,4,16.049
790,13,0.133,0,0,12.133
791,13,0.117,0,0,12.117
792,13,0.22,0,0,12.22
793,13,0.379,0,0,12.379
794,13,0.342,0,0,12.342
795,13,0.155,0,0,12.155
796,13,0.147,0,0,12.147
797,13,0.11,0,0,12.11
798,13,0.15,0,0,12.15
799,13,0.115,0,0,12.115
800,13,0.585,0,0,12.585
801,13,6.758,1,4,22.758
802,13,0.142,0,0,12.142
803,13,0.125,0,0,12.125
804,13,0.228,0,0,12.228
805,13,0.209,0,0,12.209
806,13,0.171,0,0,12.171
807,13,0.155,0,0,12.155
808,13,0.131,0,0,12.131
809,13,0.128,0,0,12.128
810,13,0.46,0,0,12.46
811,13,0.174,0,0,12.174
812,13,0.095,0,0,12.095
813,13,0.111,0,0,12.111
814,13,0.119,0,0,12.119
815,13,0.113,0,0,12.113
816,13,0.121,0,0,12.121
817,13,0.101,0,0,12.101
818,13,0.27,0,0,12.27
819,13,0.53,0,0,12.53
820,13,0.159,0,0,12.159
821,13,0.119,0,0,12.119
822,13,0.163,0,0,12.163
823,13,0.112,0,0,12.112
824,13,0.146,0,0,12.146
825,13,0.058,1,4,16.058
826,13,0.166,0,0,12.166
827,13,0.137,0,0,12.137
828,13,0.11,0,0,12.11
829,13,0.051,1,4,16.051
830,13,0.113,0,0,12.113
831,13,0.097,0,0,12.097
832,13,0.148,0,0,12.148
833,13,0.049,1,4,16.049
834,13,0.101,0,0,12.101
835,13,0.149,0,0,12.149
836,13,0.121,0,0,12.121
837,13,0.09,0,0,12.09
838,13,0.114,0,0,12.114
839,13,0.107,0,0,12.107
840,13,0.101,0,0,12.101
841,13,0.114,0,0,12.114
842,13,0.08,0,0,12.08
843,13,0.048,0,0,12.048
844,13,0.119,0,0,12.119
845,13,0.065,0,0,12.065
846,13,0.053,0,0,12.053
847,13,0.059,0,0,12.059
848,13,0.122,0,0,12.122
849,13,0.055,0,0,12.055
850,13,0.179,0,0,12.179
851,13,14.155,1,4,30.155
852,13,10.251,2,8,30.251
853,13,2.347,3,12,26.347
854,13,0.293,0,0,12.293
855,13,0.205,0,0,12.205
856,13,3.707,0,0,15.707
857,13,0.395,0,0,12.395
858,13,0.983,0,0,12.983
859,13,0.132,0,0,12.132
860,13,0.076,0,0,12.076
861,13,0.142,0,0,12.142
862,13,0.132,0,0,12.132
863,13,0.122,0,0,12.122
864,13,0.122,0,0,12.122
865,13,0.411,0,0,12.411
866,13,0.123,0,0,12.123
867,13,0.099,0,0,12.099
868,13,0.165,0,0,12.165
869,13,0.22,0,0,12.22
870,13,0.348,0,0,12.348
871,13,0.151,0,0,12.151
872,13,0.118,0,0,12.118
873,13,0.144,0,0,12.144
874,13,0.133,0,0,12.133
875,13,0.116,0,0,12.116
876,13,0.115,0,0,12.115
877,13,0.262,0,0,12.262
878,13,0.27,0,0,12.27
879,13,0.111,0,0,12.111
880,13,0.135,0,0,12.135
881,13,0.346,0,0,12.346
882,13,0.137,0,0,12.137
883,13,0.131,0,0,12.131
884,13,0.061,0,0,12.061
885,13,0.128,0,0,12.128
886,13,0.078,0,0,12.078
887,13,0.242,0,0,12.242
888,13,0.233,0,0,12.233
889,13,0.107,0,0,12.107
890,13,0.195,0,0,12.195
891,13,0.117,0,0,12.117
892,13,0.118,0,0,12.118
893,13,0.252,0,0,12.252
894,13,0.188,0,0,12.188
895,13,0.288,0,0,12.288
896,13,0.123,0,0,12.123
897,13,0.163,0,0,12.163
898,13,0.127,0,0,12.127
899,13,0.128,0,0,12.128
900,13,0.09,0,0,12.09
901,13,0.097,0,0,12.097
902,13,0.267,0,0,12.267
903,13,0.159,0,0,12.159
904,13,0.113,0,0,12.113
905,13,0.135,0,0,12.135
906,13,0.28,0,0,12.28
907,13,0.165,0,0,12.165
908,13,0.145,0,0,12.145
909,13,0.059,1,4,16.059
910,13,0.133,0,0,12.133
911,13,0.146,0,0,12.146
912,13,0.179,0,0,12.179
913,13,0.326,0,0,12.326
914,13,0.157,0,0,12.157
915,13,0.181,0,0,12.181
916,13,0.152,0,0,12.152
917,13,0.148,0,0,12.148
918,13,0.128,0,0,12.128
919,13,0.188,0,0,12.188
920,13,0.131,0,0,12.131
921,13,0.173,0,0,12.173
922,13,0.127,0,0,12.127
923,13,0.207,0,0,12.207
924,13,0.064,0,0,12.064
925,13,0.125,0,0,12.125
926,13,0.111,0,0,12.111
927,13,0.129,0,0,12.129
928,13,0.288,0,0,12.288
929,13,0.085,1,4,16.085
930,13,0.159,0,0,12.159
931,13,0.133,0,0,12.133
932,13,0.131,0,0,12.131
933,13,0.203,0,0,12.203
934,13,0.942,0,0,12.942
935,13,0.158,0,0,12.158
936,13,0.173,0,0,12.173
937,13,0.246,0,0,12.246
938,13,0.117,0,0,12.117
939,13,0.103,0,0,12.103
940,13,0.047,0,0,12.047
941,13,0.153,0,0,12.153
942,13,0.102,0,0,12.102
943,13,0.121,0,0,12.121
944,13,0.159,0,0,12.159
945,13,0.101,0,0,12.101
946,13,0.258,0,0,12.258
947,13,0.296,0,0,12.296
948,13,0.267,0,0,12.267
949,13,0.103,0,0,12.103
950,13,0.321,0,0,12.321
951,13,0.156,0,0,12.156
952,13,0.111,0,0,12.111
953,13,0.12,0,0,12.12
954,13,0.136,0,0,12.136
955,13,0.14,0,0,12.14
956,13,0.146,0,0,12.146
957,13,0.118,0,0,12.118
958,13,0.14,0,0,12.14
959,13,0.201,0,0,12.201
960,13,0.2,0,0,12.2
961,13,6.744,0,0,18.744
962,13,0.091,0,0,12.091
963,13,0.111,0,0,12.111
964,13,0.13,0,0,12.13
965,13,0.096,0,0,12.096
966,13,0.65,0,0,12.65
967,13,0.213,0,0,12.213
968,13,0.12,0,0,12.12
969,13,0.115,0,0,12.115
970,13,0.128,0,0,12.128
971,13,0.096,0,0,12.096
972,13,0.108,0,0,12.108
973,13,0.095,0,0,12.095
974,13,0.076,0,0,12.076
975,13,0.134,0,0,12.134
976,13,0.287,0,0,12.287
977,13,0.108,0,0,12.108
978,13,0.057,0,0,12.057
979,13,0.173,0,0,12.173
980,13,0.127,0,0,12.127
981,13,0.086,0,0,12.086
982,13,0.126,0,0,12.126
983,13,0.132,0,0,12.132
984,13,0.117,0,0,12.117
985,13,0.312,0,0,12.312
986,13,0.155,0,0,12.155
987,13,0.046,0,0,12.046
988,13,0.262,0,0,12.262
989,13,0.16,0,0,12.16
990,13,0.123,0,0,12.123
991,13,0.099,0,0,12.099
992,13,0.117,0,0,12.117
993,13,0.135,0,0,12.135
994,13,0.287,0,0,12.287
995,13,0.152,0,0,12.152
996,13,0.259,0,0,12.259
997,13,0.187,0,0,12.187
998,13,0.135,0,0,12.135
999,13,0.103,0,0,12.103
1000,13,0.125,0,0,12.125
1001,13,0.173,0,0,12.173
1002,13,0.128,0,0,12.128
1003,13,0.342,0,0,12.342
1004,13,0.152,0,0,12.152
1005,13,0.174,0,0,12.174
1006,13,0.197,0,0,12.197
1007,13,0.115,0,0,12.115
1008,13,0.136,0,0,12.136
1009,13,0.896,0,0,12.896
1010,13,0.177,0,0,12.177
1011,13,0.319,0,0,12.319
1012,13,0.316,0,0,12.316
1013,13,0.36,0,0,12.36
1014,13,0.142,0,0,12.142
1015,13,0.14,0,0,12.14
1016,13,0.149,0,0,12.149
1017,13,0.091,0,0,12.091
1018,13,0.254,0,0,12.254
1019,13,0.314,0,0,12.314
1020,13,0.3,0,0,12.3
1021,13,0.387,0,0,12.387
1022,13,0.168,0,0,12.168
1023,13,0.107,0,0,12.107
1024,13,0.081,0,0,12.081
1025,13,0.089,0,0,12.089
1026,13,0.038,0,0,12.038
1027,13,0.153,0,0,12.153
1028,13,0.252,0,0,12.252
1029,13,0.342,0,0,12.342
1030,13,0.163,0,0,12.163
1031,13,0.116,0,0,12.116
1032,13,0.18,0,0,12.18
1033,13,0.098,0,0,12.098
1034,13,0.079,0,0,12.079
1035,13,0.077,0,0,12.077
1036,13,0.138,0,0,12.138
1037,13,0.253,0,0,12.253
1038,13,0.267,0,0,12.267
1039,13,0.127,0,0,12.127
1040,13,0.155,0,0,12.155
1041,13,0.14,0,0,12.14
1042,13,0.108,0,0,12.108
1043,13,0.112,0,0,12.112
1044,13,0.106,0,0,12.106
1045,13,0.246,0,0,12.246
1046,13,0.269,0,0,12.269
1047,13,0.14,0,0,12.14
1048,13,0.144,0,0,12.144
1049,13,0.153,0,0,12.153
1050,13,0.144,0,0,12.144
1051,13,0.157,0,0,12.157
1052,13,0.121,0,0,12.121
1053,13,0.133,0,0,12.133
1054,13,0.224,0,0,12.224
1055,13,0.286,0,0,12.286
1056,13,0.129,0,0,12.129
1057,13,0.157,0,0,12.157
1058,13,0.137,0,0,12.137
1059,13,0.118,0,0,12.118
1060,13,0.157,0,0,12.157
1061,13,0.259,0,0,12.259
1062,13,0.143,0,0,12.143
1063,13,0.133,0,0,12.133
1064,13,0.151,0,0,12.151
1065,13,0.187,0,0,12.187
1066,13,0.101,0,0,12.101
1067,13,0.099,0,0,12.099
1068,13,0.171,0,0,12.171
1069,13,0.488,0,0,12.488
1070,13,0.276,0,0,12.276
1071,13,0.11,0,0,12.11
1072,13,0.155,0,0,12.155
1073,13,0.157,0,0,12.157
1074,13,0.123,0,0,12.123
1075,13,0.102,0,0,12.102
1076,13,0.106,0,0,12.106
1077,13,0.15,0,0,12.15
1078,13,0.3,0,0,12.3
1079,13,0.122,0,0,12.122
1080,13,0.145,0,0,12.145
1081,13,0.239,0,0,12.239
1082,13,0.11,0,0,12.11
1083,13,0.106,0,0,12.106
1084,13,0.115,0,0,12.115
1085,13,0.115,0,0,12.115
1086,13,0.235,0,0,12.235
1087,13,0.507,0,0,12.507
1088,13,0.12,0,0,12.12
1089,13,0.106,0,0,12.106
1090,13,0.176,0,0,12.176
1091,13,0.123,0,0,12.123
1092,13,0.06,0,0,12.06
1093,13,0.109,0,0,12.109
1094,13,0.033,0,0,12.033
1095,13,0.238,0,0,12.238
1096,13,0.292,0,0,12.292
1097,13,0.314,0,0,12.314
1098,13,0.665,0,0,12.665
1099,13,0.123,0,0,12.123
1100,13,0.124,0,0,12.124
1101,13,0.106,0,0,12.106
1102,13,0.103,0,0,12.103
1103,13,0.028,0,0,12.028
1104,13,0.245,0,0,12.245
1105,13,0.284,0,0,12.284
1106,13,0.298,0,0,12.298
1107,13,0.17,0,0,12.17
1108,13,0.14,0,0,12.14
1109,13,0.211,0,0,12.211
1110,13,0.129,0,0,12.129
1111,13,0.15,0,0,12.15
1112,13,0.105,0,0,12.105
1113,13,0.318,0,0,12.318
1114,13,0.278,0,0,12.278
1115,13,1.462,0,0,13.462
1116,13,0.214,0,0,12.214
1117,13,0.153,0,0,12.153
1118,13,0.141,0,0,12.141
1119,13,0.093,0,0,12.093
1120,13,0.095,0,0,12.095
1121,13,0.167,0,0,12.167
1122,13,0.097,0,0,12.097
1123,13,0.064,0,0,12.064
1124,13,0.089,0,0,12.089
1125,13,0.175,0,0,12.175
1126,13,0.134,0,0,12.134
1127,13,0.214,0,0,12.214
1128,13,0.096,0,0,12.096
1129,13,0.099,0,0,12.099
1130,13,0.301,0,0,12.301
1131,13,0.116,0,0,12.116
1132,13,0.15,0,0,12.15
1133,13,0.119,0,0,12.119
1134,13,0.171,0,0,12.171
1135,13,0.35,0,0,12.35
1136,13,0.255,0,0,12.255
1137,13,0.137,0,0,12.137
1138,13,0.201,0,0,12.201
1139,13,0.109,0,0,12.109
1140,13,0.11,0,0,12.11
1141,13,0.06,0,0,12.06
1142,13,0.046,0,0,12.046
1143,13,0.134,0,0,12.134
1144,13,0.267,0,0,12.267
1145,13,0.376,0,0,12.376
1146,13,0.061,0,0,12.061
1147,13,0.133,0,0,12.133
1148,13,0.136,0,0,12.136
1149,13,0.096,0,0,12.096
1150,13,0.052,0,0,12.052
1151,13,0.182,0,0,12.182
1152,13,0.356,0,0,12.356
1153,13,0.357,0,0,12.357
1154,13,0.312,0,0,12.312
1155,13,0.137,0,0,12.137
1156,13,0.266,0,0,12.266
1157,13,0.262,0,0,12.262
1158,13,0.131,0,0,12.131
1159,13,0.17,0,0,12.17
1160,13,0.127,0,0,12.127
1161,13,0.335,0,0,12.335
1162,13,0.17,0,0,12.17
1163,13,0.197,0,0,12.197
1164,13,0.303,0,0,12.303
1165,13,0.214,0,0,12.214
1166,13,0.088,0,0,12.088
1167,13,0.176,0,0,12.176
1168,13,0.104,0,0,12.104
1169,13,0.099,0,0,12.099
1170,13,0.131,0,0,12.131
1171,13,0.114,0,0,12.114
1172,13,0.308,0,0,12.308
1173,13,0.136,0,0,12.136
1174,13,0.331,0,0,12.331
1175,13,0.162,0,0,12.162
1176,13,0.205,0,0,12.205
1177,13,0.333,0,0,12.333
1178,13,0.221,0,0,12.221
1179,13,0.138,0,0,12.138
1180,13,0.141,0,0,12.141
1181,13,0.155,0,0,12.155
1182,13,0.139,0,0,12.139
1183,13,0.152,0,0,12.152
1184,13,0.205,0,0,12.205
1185,13,0.167,0,0,12.167
1186,13,0.109,0,0,12.109
1187,13,0.034,0,0,12.034
1188,13,0.159,0,0,12.159
1189,13,0.125,0,0,12.125
1190,13,0.104,0,0,12.104
1191,13,0.109,0,0,12.109
1192,13,0.085,0,0,12.085
1193,13,0.14,0,0,12.14
1194,13,0.255,0,0,12.255
1195,13,0.128,0,0,12.128
1196,13,0.111,0,0,12.111
1197,13,0.176,0,0,12.176
1198,13,0.166,0,0,12.166
1199,13,0.103,0,0,12.103
1200,13,0.117,0,0,12.117
1201,13,0.119,0,0,12.119
1202,13,0.472,0,0,12.472
1203,13,0.28,0,0,12.28
1204,13,0.251,0,0,12.251
1205,13,0.103,0,0,12.103
1206,13,0.217,0,0,12.217
1207,13,0.147,0,0,12.147
1208,13,0.152,0,0,12.152
1209,13,0.114,0,0,12.114
1210,13,0.117,0,0,12.117
1211,13,0.124,0,0,12.124
1212,13,0.243,0,0,12.243
1213,13,0.556,0,0,12.556
1214,13,0.183,0,0,12.183
1215,13,0.135,0,0,12.135
1216,13,0.087,0,0,12.087
1217,13,0.036,0,0,12.036
1218,13,0.046,0,0,12.046
1219,13,0.15,0,0,12.15
1220,13,0.128,0,0,12.128
1221,13,0.25,0,0,12.25
1222,13,0.183,0,0,12.183
1223,13,0.056,0,0,12.056
1224,13,0.097,0,0,12.097
1225,13,0.088,0,0,12.088
1226,13,0.036,0,0,12.036
1227,13,0.118,0,0,12.118
1228,13,0.11,0,0,12.11
1229,13,0.042,0,0,12.042
1230,13,0.079,0,0,12.079
1231,13,0.113,0,0,12.113
1232,13,0.105,0,0,12.105
1233,13,0.149,0,0,12.149
1234,13,0.062,0,0,12.062
1235,13,0.042,0,0,12.042
1236,13,0.109,0,0,12.109
1237,13,0.059,0,0,12.059
1238,13,0.089,0,0,12.089
1239,13,0.143,0,0,12.143
1240,13,0.057,0,0,12.057
1241,13,0.088,0,0,12.088
1242,13,0.094,0,0,12.094
1243,13,0.051,0,0,12.051
1244,13,0.102,0,0,12.102
1245,13,0.057,0,0,12.057
1246,13,0.037,0,0,12.037
1247,13,0.059,0,0,12.059
1248,13,0.075,0,0,12.075
1249,13,0.035,0,0,12.035
1250,13,0.086,0,0,12.086
1251,13,0.084,0,0,12.084
1252,13,0.11,0,0,12.11
1253,13,0.117,0,0,12.117
1254,13,0.279,0,0,12.279
1255,13,0.134,0,0,12.134
1256,13,0.156,0,0,12.156
1257,13,0.4,0,0,12.4
1258,13,0.254,0,0,12.254
1259,13,0.132,0,0,12.132
1260,13,0.227,0,0,12.227
1261,13,0.248,0,0,12.248
1262,13,0.208,0,0,12.208
1263,13,0.728,0,0,12.728
1264,13,0.098,0,0,12.098
1265,13,0.148,0,0,12.148
1266,13,0.278,0,0,12.278
1267,13,0.31,0,0,12.31
1268,13,0.174,0,0,12.174
1269,13,0.293,0,0,12.293
1270,13,0.263,0,0,12.263
1271,13,0.132,0,0,12.132
1272,13,0.235,0,0,12.235
1273,13,0.117,0,0,12.117
1274,13,0.106,0,0,12.106
1275,13,0.078,0,0,12.078
1276,13,0.056,0,0,12.056
1277,13,0.139,0,0,12.139
1278,13,0.509,0,0,12.509
1279,13,0.148,0,0,12.148
1280,13,0.122,0,0,12.122
1281,13,0.153,0,0,12.153
1282,13,0.124,0,0,12.124
1283,13,0.145,0,0,12.145
1284,13,0.322,0,0,12.322
1285,13,0.184,0,0,12.184
1286,13,0.141,0,0,12.141
1287,13,0.212,0,0,12.212
1288,13,0.127,0,0,12.127
1289,13,0.19,0,0,12.19
1290,13,0.111,0,0,12.111
1291,13,0.161,0,0,12.161
1292,13,0.111,0,0,12.111
1293,13,0.044,0,0,12.044
1294,13,0.112,0,0,12.112
1295,13,0.149,0,0,12.149
1296,13,0.341,0,0,12.341
1297,13,0.433,0,0,12.433
1298,13,0.284,0,0,12.284
1299,13,0.128,0,0,12.128
1300,13,0.374,0,0,12.374
1301,13,0.095,0,0,12.095
1302,13,0.145,0,0,12.145
1303,13,0.091,0,0,12.091
1304,13,0.313,0,0,12.313
1305,13,0.156,0,0,12.156
1306,13,0.336,0,0,12.336
1307,13,0.141,0,0,12.141
1308,13,0.154,0,0,12.154
1309,13,0.15,0,0,12.15
1310,13,0.175,0,0,12.175
1311,13,0.241,0,0,12.241
1312,13,0.103,0,0,12.103
1313,13,0.365,0,0,12.365
1314,13,0.179,0,0,12.179
1315,13,0.176,0,0,12.176
1316,13,0.167,0,0,12.167
1317,13,1.247,0,0,13.247
1318,13,0.113,0,0,12.113
1319,13,0.112,0,0,12.112
1320,13,0.383,0,0,12.383
1321,13,0.117,0,0,12.117
1322,13,0.116,0,0,12.116
1323,13,0.084,0,0,12.084
1324,13,0.092,0,0,12.092
1325,13,0.134,0,0,12.134
1326,13,0.186,0,0,12.186
1327,13,0.305,0,0,12.305
1328,13,0.119,0,0,12.119
1329,13,0.299,0,0,12.299
1330,13,0.255,0,0,12.255
1331,13,0.115,0,0,12.115
1332,13,0.085,0,0,12.085
1333,13,0.123,0,0,12.123
1334,13,0.501,0,0,12.501
1335,13,0.273,0,0,12.273
1336,13,0.245,0,0,12.245
1337,13,0.077,0,0,12.077
1338,13,0.134,0,0,12.134
1339,13,0.04,0,0,12.04
1340,13,0.054,0,0,12.054
1341,13,0.105,0,0,12.105
1342,13,0.08,0,0,12.08
1343,13,0.087,0,0,12.087
1344,13,0.041,0,0,12.041
1345,13,0.05,0,0,12.05
1346,13,0.112,0,0,12.112
1347,13,0.034,0,0,12.034
1348,13,0.036,0,0,12.036
1349,13,0.097,0,0,12.097
1350,13,0.063,0,0,12.063
1351,13,0.066,0,0,12.066
1352,13,0.082,0,0,12.082
1353,13,0.039,0,0,12.039
1354,13,1.325,0,0,13.325
1355,13,0.12,0,0,12.12
1356,13,0.126,0,0,12.126
1357,13,0.14,0,0,12.14
1358,13,0.133,0,0,12.133
1359,13,0.315,0,0,12.315
1360,13,0.31,0,0,12.31
1361,13,0.165,0,0,12.165
1362,13,4.52,0,0,16.52
1363,13,0.971,1,4,16.971
1364,13,0.126,0,0,12.126
1365,13,0.26,0,0,12.26
1366,13,0.782,0,0,12.782
1367,13,0.146,0,0,12.146
1368,13,0.166,0,0,12.166
1369,13,0.407,0,0,12.407
1370,13,7.572,0,0,19.572
1371,13,3.762,1,4,19.762
1372,13,0.089,0,0,12.089
1373,13,0.087,0,0,12.087
1374,13,3.697,0,0,15.697
1375,13,0.242,0,0,12.242
1376,13,0.375,0,0,12.375
1377,13,0.328,0,0,12.328
1378,13,10.423,0,0,22.423
1379,13,6.852,1,4,22.852
1380,13,3.149,2,8,23.149
1381,13,0.095,0,0,12.095
1382,13,6.786,0,0,18.786
1383,13,3.224,1,4,19.224
1384,13,0.085,0,0,12.085
1385,13,0.095,0,0,12.095
1386,13,13.598,0,0,25.598
1387,13,10.024,1,4,26.024
1388,13,6.31,2,8,26.31
1389,13,2.837,3,12,26.837
1390,13,9.97,0,0,21.97
1391,13,6.404,1,4,22.404
1392,13,2.693,2,8,22.693
1393,13,0.124,0,0,12.124
1394,13,14.736,0,0,26.736
1395,13,10.786,1,4,26.786
1396,13,4.405,2,8,24.405
1397,13,0.185,3,12,24.185
1398,13,0.054,1,4,16.054
1399,13,6.719,1,4,22.719
1400,13,3.081,2,8,23.081
1401,13,1.179,3,12,25.179
1402,13,17.416,0,0,29.416
1403,13,12.437,1,4,28.437
1404,13,8.65,2,8,28.65
1405,13,2.278,3,12,26.278
1406,13,1.672,4,16,29.672
1407,13,20.744,1,4,36.744
1408,13,17.221,2,8,37.221
1409,13,13.803,3,12,37.803
1410,13,10.224,4,16,38.224
1411,13,6.446,5,20,38.446
1412,13,7.061,2,8,27.061
1413,13,4.054,3,12,28.054
1414,13,0.461,4,16,28.461
1415,13,17.443,1,4,33.443
1416,13,13.782,2,8,33.782
1417,13,5.322,3,12,29.322
1418,13,5.215,4,16,33.215
1419,13,1.624,5,20,33.624
1420,13,8.933,2,8,28.933
1421,13,5.469,3,12,29.469
1422,13,1.876,4,16,29.876
1423,13,19.125,1,4,35.125
1424,13,15.355,2,8,35.355
1425,13,7.101,3,12,31.101
1426,13,6.976,4,16,34.976
1427,13,3.387,5,20,35.387
1428,13,10.263,2,8,30.263
1429,13,6.769,3,12,30.769
1430,13,3.178,4,16,31.178
1431,13,20.901,1,4,36.901
1432,13,17.203,2,8,37.203
1433,13,9.762,3,12,33.762
1434,13,9.685,4,16,37.685
1435,13,6.093,5,20,38.093
1436,13,2.39,6,24,38.39
1437,13,0.465,2,8,20.465
1438,13,0.383,3,12,24.383
1439,13,18.227,0,0,30.227
1440,13,14.577,1,4,30.577
1441,13,11.071,2,8,31.071
1442,13,7.481,3,12,31.481
1443,13,3.89,4,16,31.89
1444,13,0.12,5,20,32.12
1445,13,2.519,2,8,22.519
1446,13,2.447,3,12,26.447
1447,13,20.078,0,0,32.078
1448,13,16.441,1,4,32.441
1449,13,12.91,2,8,32.91
1450,13,9.316,3,12,33.316
1451,13,6.843,4,16,34.843
1452,13,3.125,5,20,35.125
1453,13,4.291,2,8,24.291
1454,13,4.21,3,12,28.21
1455,13,0.614,4,16,28.614
1456,13,18.38,1,4,34.38
1457,13,5.727,2,8,25.727
1458,13,5.603,3,12,29.603
1459,13,2.012,4,16,30.012
1460,13,8.77,1,4,24.77
1461,13,5.319,2,8,25.319
1462,13,1.733,3,12,25.733
1463,13,9.286,0,0,21.286
1464,13,4.398,1,4,20.398
1465,13,0.351,0,0,12.351
1466,13,0.171,1,4,16.171
1467,13,13.912,0,0,25.912
1468,13,10.237,1,4,26.237
1469,13,6.762,2,8,26.762
1470,13,3.17,3,12,27.17
1471,13,9.286,0,0,21.286
1472,13,5.401,1,4,21.401
1473,13,0.137,0,0,12.137
1474,13,0.052,0,0,12.052
1475,13,16.072,0,0,28.072
1476,13,12.437,1,4,28.437
1477,13,0.163,0,0,12.163
1478,13,0.03,1,4,16.03
1479,13,6.427,0,0,18.427
1480,13,2.756,1,4,18.756
1481,13,0.091,0,0,12.091
1482,13,0.044,0,0,12.044
1483,13,13.387,0,0,25.387
1484,13,9.676,1,4,25.676
1485,13,1.79,2,8,21.79
1486,13,1.7,3,12,25.7
1487,13,8.701,0,0,20.701
1488,13,5.025,1,4,21.025
1489,13,1.541,2,8,21.541
1490,13,0.065,0,0,12.065
1491,13,15.724,0,0,27.724
1492,13,12.043,1,4,28.043
1493,13,2.967,2,8,22.967
1494,13,2.849,3,12,26.849
1495,13,9.79,0,0,21.79
1496,13,6.125,1,4,22.125
1497,13,0.154,0,0,12.154
1498,13,0.064,1,4,16.064
1499,13,12.558,0,0,24.558
1500,13,8.86,1,4,24.86
1501,13,6.526,2,8,26.526
1502,13,2.941,3,12,26.941
1503,13,8.729,0,0,20.729
1504,13,5.046,1,4,21.046
1505,13,0.124,0,0,12.124
1506,13,0.048,1,4,16.048
1507,13,14.563,0,0,26.563
1508,13,10.62,1,4,26.62
1509,13,7.26,2,8,27.26
1510,13,3.666,3,12,27.666
1511,13,6.956,0,0,18.956
1512,13,3.145,1,4,19.145
1513,13,0.282,0,0,12.282
1514,13,0.241,0,0,12.241
1515,13,13.795,0,0,25.795
1516,13,9.726,1,4,25.726
1517,13,0.203,0,0,12.203
1518,13,0.067,1,4,16.067
1519,13,4.905,0,0,16.905
1520,13,1.184,1,4,17.184
1521,13,0.113,0,0,12.113
1522,13,0.118,0,0,12.118
1523,13,12.086,0,0,24.086
1524,13,8.494,1,4,24.494
1525,13,2.519,2,8,22.519
1526,13,1.282,3,12,25.282
1527,13,8.076,0,0,20.076
1528,13,4.215,1,4,20.215
1529,13,0.95,2,8,20.95
1530,13,0.146,0,0,12.146
1531,13,14.877,0,0,26.877
1532,13,11.218,1,4,27.218
1533,13,4.051,2,8,24.051
1534,13,3.944,3,12,27.944
1535,13,0.249,4,16,28.249
1536,13,7.144,1,4,23.144
1537,13,0.162,0,0,12.162
1538,13,0.078,1,4,16.078
1539,13,12.65,0,0,24.65
1540,13,8.983,1,4,24.983
1541,13,5.483,2,8,25.483
1542,13,1.889,3,12,25.889
1543,13,8.85,0,0,20.85
1544,13,5.05,1,4,21.05
1545,13,0.539,0,0,12.539
1546,13,0.47,1,4,16.47
1547,13,14.58,0,0,26.58
1548,13,10.903,1,4,26.903
1549,13,7.426,2,8,27.426
1550,13,3.836,3,12,27.836
1551,13,1.422,4,16,29.422
1552,13,7.031,1,4,23.031
1553,13,0.164,0,0,12.164
1554,13,0.067,1,4,16.067
1555,13,16.585,0,0,28.585
1556,13,12.861,1,4,28.861
1557,13,0.344,0,0,12.344
1558,13,0.295,0,0,12.295
1559,13,5.234,0,0,17.234
1560,13,1.541,1,4,17.541
1561,13,0.177,0,0,12.177
1562,13,0.14,0,0,12.14
1563,13,12.163,0,0,24.163
1564,13,8.357,1,4,24.357
1565,13,1.244,2,8,21.244
1566,13,0.915,3,12,24.915
